{"Perc_Effort": {"count": 175.0, "mean": 50.74285714285714, "std": 21.967508474367936, "min": 0.0, "25%": 40.0, "50%": 53.0, "75%": 56.5, "max": 97.0}, "Attendance": {"count": 175.0, "mean": 90.21142857142857, "std": 13.84918295918969, "min": 54.0, "25%": 89.0, "50%": 97.0, "75%": 100.0, "max": 100.0}, "Perc_Academic": {"count": 175.0, "mean": 51.31428571428572, "std": 21.861859177560984, "min": 2.0, "25%": 36.0, "50%": 51.0, "75%": 69.0, "max": 97.0}, "CompleteYears": {"count": 175.0, "mean": 1.9885714285714287, "std": 2.795703952698324, "min": 0.0, "25%": 0.0, "50%": 1.0, "75%": 2.5, "max": 10.0}}